 resdb:///d8434419bd91891036ea586f3b94357311097667a669a9cb0cc5527cbc2cebaa,
 resdb:///32266904f7d05981fa48a595cf10fbd3f177a0b220368704793eb38c3d0b7d44,
 resdb:///3069c1bf4affb9ddb1faf11757837b186831a169f03b69e19a0d77ae47ce6e35,
 resdb:///37da981d5b013c9e153f0ec45d76322d35621e90c577965a836884ff97ee1d54,
 resdb:///89bf1083ec417fbb7d90f9815f64be1731c53ae00650f29ec2fe4a180d825793,
 resdb:///0186a7d050a40e0f422465762a274fb6c013d6f7ebd4050520df81fd5849602d,
 resdb:///d520a95aa03ca219d223cffdb445cadb1204083a3610fa848f9d1448539b8df2,
 resdb:///75a2f017579232a078506570738d5db9eb9533b0cb77dc0dff8798bff29380bb,
 resdb:///d104c6f610f4d41acecb230baf65193b0480a4fe2e9a014b1214b479c1d9680c,
 resdb:///aec33dbec6bba394318d38340c20ebfc1a215cccb9951541999d53d1882f81c1,
 resdb:///cc9343c301e5550397806202d4c178eb013962c579a9a1f7815491e478e75012,
 resdb:///f0d35ef4fbad92571bd8f3387fc000915c57e5955155a9464e49b91eb3e1ce86,
 resdb:///e3affaa19d044ca43c7bd43f968cdaf92c5a7b95af0f82aee421e6072e26ef06,
 resdb:///314743f4572b90d62477f9786c113e71273745174a554e98a4c74f5304c7c31b,
 resdb:///57ce5e88835190755130fdff50181a156418a70f06ace1adc9e50e7efc35afd5,
 resdb:///839881a8c37912e649f06d6ae273eb70edba661800ae240b73c1c919c595cdcb,
 resdb:///70ba3b0ad0f2006759bc70a4f55b32f4ba8fdb97b786f156b34a96554a7eb3c4,
 resdb:///40bc81c42b8c6d4791e3a187a4bd7c5c7b88ff3ae7b08dc23af457ad4826b9d9,
